<wpml-config>
    <admin-texts>
        <key name='theme_mods_onepress'>
            <key name='onepress_hide_sitetitle' />
            <key name='onepress_hide_tagline' />
            <key name='onepress_sticky_header_disable' />
            <key name='onepress_animation_disable' />
            <key name='onepress_btt_disable' />
            <key name='onepress_footer_bg' />
            <key name='onepress_footer_info_bg' />
            <key name='onepress_header_bg_color' />
            <key name='onepress_logo_text_color' />
            <key name='onepress_menu_color' />
            <key name='onepress_menu_hover_color' />
            <key name='onepress_menu_hover_bg_color' />
            <key name='onepress_menu_toggle_button_color' />
            <key name='onepress_vertical_align_menu' />
            <key name='onepress_header_transparent' />
            <key name='onepress_social_disable' />
            <key name='onepress_social_footer_guide' />
            <key name='onepress_social_footer_title' />
            <key name='onepress_social_profiles' />
            <key name='onepress_newsletter_disable' />
            <key name='onepress_newsletter_title' />
            <key name='onepress_newsletter_mailchimp' />
            <key name='onepress_hero_option_animation' />
            <key name='onepress_hero_option_speed' />
            <key name='onepress_custom_css' />
            <key name='onepress_hero_disable' />
            <key name='onepress_hero_id' />
            <key name='onepress_hero_fullscreen' />
            <key name='onepress_hero_pdtop' />
            <key name='onepress_hero_pdbotom' />
            <key name='onepress_hero_layout' />
            <key name='onepress_hcl1_largetext' />
            <key name='onepress_hcl1_smalltext' />
            <key name='onepress_hcl1_btn1_text' />
            <key name='onepress_hcl1_btn1_link' />
            <key name='onepress_hcl1_btn1_style' />
            <key name='onepress_hcl1_btn2_text' />
            <key name='onepress_hcl1_btn2_link' />
            <key name='onepress_hcl1_btn2_style' />
            <key name='onepress_hcl2_content' />
            <key name='onepress_hcl2_image' />
            <key name='onepress_videolightbox_id' />
            <key name='onepress_videolightbox_title' />
            <key name='onepress_videolightbox_url' />
            <key name='onepress_about_id' />
            <key name='onepress_about_title' />
            <key name='onepress_about_subtitle' />
            <key name='onepress_about_desc' />
            <key name='onepress_about_boxes' />
            <key name='onepress_features_id' />
            <key name='onepress_features_title' />
            <key name='onepress_features_subtitle' />
            <key name='onepress_features_desc' />
            <key name='onepress_features_layout' />
            <key name='onepress_features_boxes' />
            <key name='onepress_about_content_source' />
            <key name='onepress_services_id' />
            <key name='onepress_services_title' />
            <key name='onepress_services_subtitle' />
            <key name='onepress_services_desc' />
            <key name='onepress_service_layout' />
            <key name='onepress_services' />
            <key name='onepress_counter_id' />
            <key name='onepress_counter_title' />
            <key name='onepress_counter_subtitle' />
            <key name='onepress_counter_desc' />
            <key name='onepress_counter_boxes' />
            <key name='onepress_team_id' />
            <key name='onepress_team_title' />
            <key name='onepress_team_subtitle' />
            <key name='onepress_team_desc' />
            <key name='onepress_team_layout' />
            <key name='onepress_news_id' />
            <key name='onepress_news_title' />
            <key name='onepress_news_subtitle' />
            <key name='onepress_news_desc' />
            <key name='onepress_news_settings_hr' />
            <key name='onepress_news_number' />
            <key name='onepress_news_more_link' />
            <key name='onepress_news_more_text' />
            <key name='onepress_contact_id' />
            <key name='onepress_contact_title' />
            <key name='onepress_contact_subtitle' />
            <key name='onepress_contact_desc' />
            <key name='onepress_contact_cf7_guide' />
            <key name='onepress_contact_cf7' />
            <key name='onepress_contact_cf7_disable' />
            <key name='onepress_contact_text' />
            <key name='onepress_contact_text_hr' />
            <key name='onepress_contact_address_title' />
            <key name='onepress_contact_address' />
            <key name='onepress_contact_phone' />
            <key name='onepress_contact_email' />
            <key name='onepress_contact_fax' />
            <key name='onepress_footer_copyright_text' />
            <key name='onepress_hide_author_link' />
            <key name='onepress_typo_p' />
            <key name='onepress_typo_menu' />
            <key name='onepress_typo_heading' />
            <key name='onepress_team_members' />
            <key name='onepress_section_order_styling' />
            <key name='onepress_testimonial_id' />
            <key name='onepress_testimonial_title' />
            <key name='onepress_testimonial_subtitle' />
            <key name='onepress_testimonial_desc' />
            <key name='onepress_testimonial_boxes' />
            <key name='onepress_map_id' />
            <key name='onepress_map_lat' />
            <key name='onepress_map_long' />
            <key name='onepress_map_address' />
            <key name='onepress_map_html' />
            <key name='onepress_map_items_address' />
            <key name='onepress_map_color' />
            <key name='onepress_map_maker' />
            <key name='onepress_map_zoom' />
            <key name='onepress_map_height' />
            <key name='onepress_map_scrollwheel' />
            <key name='onepress_map_enable_api' />
            <key name='onepress_map_api_key' />
            <key name='onepress_projects_id' />
            <key name='onepress_projects_title' />
            <key name='onepress_projects_subtitle' />
            <key name='onepress_projects_desc' />
            <key name='onepress_projects_number' />
            <key name='onepress_projects_orderby' />
            <key name='onepress_projects_order' />
            <key name='onepress_project_slug' />
            <key name='onepress_project_ajax' />
            <key name='onepress_pricing_id' />
            <key name='onepress_pricing_title' />
            <key name='onepress_pricing_subtitle' />
            <key name='onepress_pricing_desc' />
            <key name='onepress_pricing_plans' />
            <key name='onepress_cta_id' />
            <key name='onepress_cta_title' />
            <key name='onepress_cta_btn_label' />
            <key name='onepress_cta_btn_link' />
            <key name='onepress_clients_id' />
            <key name='onepress_clients_title' />
            <key name='onepress_clients_subtitle' />
            <key name='onepress_clients_layout' />
            <key name='onepress_clients_desc' />
            <key name='onepress_clients' />

            <key name='onepress_hero_images' />
            <key name='onepress_hero_parallax' />
            <key name='onepress_hero_video_mp4' />
            <key name='onepress_hero_video_webm' />
            <key name='onepress_hero_video_ogv' />
            <key name='onepress_hero_mobile_img' />
            <key name='onepress_hero_overlay_color' />

            <key name='onepress_gallery_title' />
            <key name='onepress_gallery_subtitle' />
            <key name='onepress_gallery_desc' />
            <key name='onepress_gallery_source_page' />
            <key name='onepress_gallery_desc' />

        </key>
    </admin-texts>
</wpml-config>
